﻿product_id,color_name,stock,photo_url,shelf_date,,PK
3,紫色,21,https://i.ibb.co/b306Bxr/beantea.png,2021/5/10,,product_id+color_name
3,藍色,11,https://i.ibb.co/N1hdNy3/beanflower-BLUE.png,2021/5/10,,
29,黃色,359,https://i.ibb.co/rsQddJp/summer-corn.png,2021/6/4,,
29,白色,22,https://i.ibb.co/Yy0QX9v/corn-WHITE.png,2021/6/4,,
38,白色,611,https://i.ibb.co/92zrM37/spring-guava.png,2021/6/8,,
38,紅色,33,https://i.ibb.co/rdJKyC9/gravaRED.png,2021/6/8,,
40,紅色,524,https://i.ibb.co/nQS7j0M/summer-dragonfruit.png,2021/6/8,,
40,白色,44,https://i.ibb.co/dcbDDXD/dragon-WHITE.png,2021/6/8,,
44,紅色,0,https://i.ibb.co/yfC5sXX/summer-watermelon.png,2021/6/8,,
44,黃色,55,https://i.ibb.co/r26HWHF/watermalon-Yellow.png,2021/6/8,,
46,紅色,894,https://i.ibb.co/PQBKhCr/winter-strawberry.png,2021/6/8,,
46,白色,66,https://i.ibb.co/cxMcJxX/strawberry-WHITE.png,2021/6/8,,